"Message",Low,"Build started."
"Message",Low,"Project ""Unnamed_1"" (default targets):"
"Message",Low,"Building with tools version ""4.0""."
"Message",Low,"Target ""PrintILCStartMessage"" in file ""C:\Program Files (x86)\MSBuild\Microsoft\.NetNative\ARM\ilc\IlcInternals.targets"" from project ""C:\Users\lberg\OneDrive\SCU EUROPE 2015\RB2DEMOAPP\CS\Unnamed_1"" (target ""Build"" depends on it):"
"Message",Low,"Using ""IlcMessageTask"" task from assembly ""C:\Program Files (x86)\MSBuild\Microsoft\.NetNative\ARM\ilc\ilc.exe""."
"Message",Low,"Task ""IlcMessageTask"""
"Message",High,"Starting .NET Native compilation"
"Message",Low,"Done executing task ""IlcMessageTask""."
"Message",Low,"Done building target ""PrintILCStartMessage"" in project ""Unnamed_1""."
"Message",Low,"Target ""LogAppContextSwitches"" in file ""C:\Program Files (x86)\MSBuild\Microsoft\.NetNative\ARM\ilc\IlcInternals.targets"" from project ""C:\Users\lberg\OneDrive\SCU EUROPE 2015\RB2DEMOAPP\CS\Unnamed_1"" (target ""SetMainTargetPaths"" depends on it):"
"Message",Low,"Using ""Message"" task from assembly ""Microsoft.Build.Tasks.v4.0, Version=4.0.0.0, Culture=neutral, PublicKeyToken=b03f5f7f11d50a3a""."
"Message",Low,"Task ""Message"""
"Message",Normal,"AppContextSwitch: ''"
"Message",Low,"Done executing task ""Message""."
"Message",Low,"Done building target ""LogAppContextSwitches"" in project ""Unnamed_1""."
"Message",Low,"Target ""SetMainTargetPaths"" in file ""C:\Program Files (x86)\MSBuild\Microsoft\.NetNative\ARM\ilc\IlcInternals.targets"" from project ""C:\Users\lberg\OneDrive\SCU EUROPE 2015\RB2DEMOAPP\CS\Unnamed_1"" (target ""CopyNativeExecutablesToOutput"" depends on it):"
"Message",Low,"Done building target ""SetMainTargetPaths"" in project ""Unnamed_1""."
"Message",Low,"Target ""GenerateFakeExe"" skipped, due to false condition; (!Exists('@(InputILTarget)')) was evaluated as (!Exists('C:\Users\lberg\OneDrive\SCU EUROPE 2015\RB2DEMOAPP\CS\obj\ARM\Release\ilc\in\SCU2015LeeDemo.exe'))."
"Message",Low,"Target ""InjectCoreLibTypeForwards"" in file ""C:\Program Files (x86)\MSBuild\Microsoft\.NetNative\ARM\ilc\IlcInternals.targets"" from project ""C:\Users\lberg\OneDrive\SCU EUROPE 2015\RB2DEMOAPP\CS\Unnamed_1"" (target ""RunILTransforms"" depends on it):"
"Message",Low,"Using ""MakeDir"" task from assembly ""Microsoft.Build.Tasks.v4.0, Version=4.0.0.0, Culture=neutral, PublicKeyToken=b03f5f7f11d50a3a""."
"Message",Low,"Task ""MakeDir"""
"Message",Normal,"Creating directory ""C:\Users\lberg\OneDrive\SCU EUROPE 2015\RB2DEMOAPP\CS\obj\ARM\Release\ilc\intermediate\TransformedCoreLib\""."
"Message",Low,"Done executing task ""MakeDir""."
"Message",Low,"Using ""ILTransformTask"" task from assembly ""Microsoft.Build.ILTasks""."
"Message",Low,"Task ""ILTransformTask"""
"Message",Normal,"Running 'InjectCoreLibTypeForwards' transform, heap at 13 mb."
"Message",Normal,"Running 'InjectCoreLibIReflectableTypeSupport' transform, heap at 29 mb."
"Message",Normal,""
"Message",Normal,"Transform summary"
"Message",Normal,"   ms | heap delta | name"
"Message",Normal,"   370 |         16 | InjectCoreLibTypeForwards"
"Message",Normal,"     2 |          0 | InjectCoreLibIReflectableTypeSupport"
"Message",Normal,"Writing transformed assembly took 416 ms, heap at 46 mb."
"Message",Low,"Done executing task ""ILTransformTask""."
"Message",Low,"Done building target ""InjectCoreLibTypeForwards"" in project ""Unnamed_1""."
"Message",Low,"Target ""InjectCoreLibTypeForwards"" skipped. Previously built successfully."
"Message",Low,"Target ""PreResolveTransforms"" in file ""C:\Program Files (x86)\MSBuild\Microsoft\.NetNative\ARM\ilc\IlcInternals.targets"" from project ""C:\Users\lberg\OneDrive\SCU EUROPE 2015\RB2DEMOAPP\CS\Unnamed_1"" (target ""RunILTransforms"" depends on it):"
"Message",Low,"Building target ""PreResolveTransforms"" completely."
"Message",Low,"Output file ""C:\Users\lberg\OneDrive\SCU EUROPE 2015\RB2DEMOAPP\CS\obj\ARM\Release\ilc\intermediate\PreMergeILTransformed\SCU2015LeeDemo.exe"" does not exist."
"Message",Low,"Task ""MakeDir"""
"Message",Normal,"Creating directory ""C:\Users\lberg\OneDrive\SCU EUROPE 2015\RB2DEMOAPP\CS\obj\ARM\Release\ilc\intermediate\PreMergeILTransformed\""."
"Message",Low,"Done executing task ""MakeDir""."
"Message",Low,"Using ""AssemblyClosureTask"" task from assembly ""Microsoft.Build.ILTasks""."
"Message",Low,"Task ""AssemblyClosureTask"""
"Message",Low,"Done executing task ""AssemblyClosureTask""."
"Message",Low,"Task ""ILTransformTask"""
"Message",Normal,"Running 'ResolveSelfReferences' transform, heap at 31 mb."
"Message",Normal,"Could not find symbols for assembly 'C:\Users\lberg\OneDrive\SCU EUROPE 2015\RB2DEMOAPP\CS\obj\ARM\Release\ilc\in\Newtonsoft.Json.dll'. Symbols should be placed in the same folder as the assembly."
"Message",Normal,"Running 'RemoveDuplicateMembers' transform, heap at 52 mb."
"Message",Normal,"Running 'GenericNameValidator' transform, heap at 52 mb."
"Message",Normal,"Running 'PortableLib' transform, heap at 52 mb."
"Message",Normal,""
"Message",Normal,"Transform summary"
"Message",Normal,"   ms | heap delta | name"
"Message",Normal,"   382 |         -3 | PortableLib"
"Message",Normal,"   192 |         21 | ResolveSelfReferences"
"Message",Normal,"     0 |          0 | RemoveDuplicateMembers"
"Message",Normal,"     0 |          0 | GenericNameValidator"
"Message",Normal,"Writing transformed assembly took 118 ms, heap at 55 mb."
"Message",Low,"Done executing task ""ILTransformTask""."
"Message",Low,"Using ""Copy"" task from assembly ""Microsoft.Build.Tasks.v4.0, Version=4.0.0.0, Culture=neutral, PublicKeyToken=b03f5f7f11d50a3a""."
"Message",Low,"Task ""Copy"""
"Message",Normal,"Copying file from ""C:\Users\lberg\OneDrive\SCU EUROPE 2015\RB2DEMOAPP\CS\obj\ARM\Release\ilc\in\SCU2015LeeDemo.pdb"" to ""C:\Users\lberg\OneDrive\SCU EUROPE 2015\RB2DEMOAPP\CS\obj\ARM\Release\ilc\intermediate\PreMergeILTransformed\SCU2015LeeDemo.pdb""."
"Message",Low,"Done executing task ""Copy""."
"Message",Low,"Task ""Copy"""
"Message",Normal,"Copying file from ""C:\Users\lberg\OneDrive\SCU EUROPE 2015\RB2DEMOAPP\CS\obj\ARM\Release\ilc\in\SCU2015LeeDemo.exe"" to ""C:\Users\lberg\OneDrive\SCU EUROPE 2015\RB2DEMOAPP\CS\obj\ARM\Release\ilc\intermediate\PreMergeILTransformed\SCU2015LeeDemo.exe""."
"Message",Low,"Done executing task ""Copy""."
"Message",Low,"Done building target ""PreResolveTransforms"" in project ""Unnamed_1""."
"Message",Low,"Target ""InitInputResourceName"" in file ""C:\Program Files (x86)\MSBuild\Microsoft\.NetNative\ARM\ilc\IlcInternals.targets"" from project ""C:\Users\lberg\OneDrive\SCU EUROPE 2015\RB2DEMOAPP\CS\Unnamed_1"" (target ""RunILTransforms"" depends on it):"
"Message",Low,"Task ""ResolveFilePathTask"" skipped, due to false condition; ('$(InputPath)' != '' and Exists('$(InputPath)\obj\')) was evaluated as ('C:\Users\lberg\OneDrive\SCU EUROPE 2015\RB2DEMOAPP\CS\obj\ARM\Release\ilc\in' != '' and Exists('C:\Users\lberg\OneDrive\SCU EUROPE 2015\RB2DEMOAPP\CS\obj\ARM\Release\ilc\in\obj\'))."
"Message",Low,"Using ""ResolveFilePathTask"" task from assembly ""Microsoft.Build.ILTasks""."
"Message",Low,"Task ""ResolveFilePathTask"""
"Message",Low,"Done executing task ""ResolveFilePathTask""."
"Message",Low,"Done building target ""InitInputResourceName"" in project ""Unnamed_1""."
"Message",Low,"Target ""PreResolveTransforms"" skipped. Previously built successfully."
"Message",Low,"Target ""ResolveInitialReferences"" in file ""C:\Program Files (x86)\MSBuild\Microsoft\.NetNative\ARM\ilc\IlcInternals.targets"" from project ""C:\Users\lberg\OneDrive\SCU EUROPE 2015\RB2DEMOAPP\CS\Unnamed_1"" (target ""RunILTransforms"" depends on it):"
"Message",Low,"Task ""ResolveFilePathTask"""
"Message",Low,"Done executing task ""ResolveFilePathTask""."
"Message",Low,"Task ""ResolveFilePathTask"""
"Message",Low,"Done executing task ""ResolveFilePathTask""."
"Message",Low,"Task ""IlcErrorTask"" skipped, due to false condition; ('@(UnresolvedManagedDllFilesErrorParameters)'!='') was evaluated as (''!='')."
"Message",Low,"Task ""AssemblyClosureTask"""
"Message",Low,"Done executing task ""AssemblyClosureTask""."
"Message",Low,"Task ""AssemblyClosureTask"""
"Message",Low,"Done executing task ""AssemblyClosureTask""."
"Message",Low,"Using ""RemoveDuplicates"" task from assembly ""Microsoft.Build.Tasks.v4.0, Version=4.0.0.0, Culture=neutral, PublicKeyToken=b03f5f7f11d50a3a""."
"Message",Low,"Task ""RemoveDuplicates"""
"Message",Low,"Done executing task ""RemoveDuplicates""."
"Message",Low,"Done building target ""ResolveInitialReferences"" in project ""Unnamed_1""."
"Message",Low,"Target ""RunILTransforms"" in file ""C:\Program Files (x86)\MSBuild\Microsoft\.NetNative\ARM\ilc\IlcInternals.targets"" from project ""C:\Users\lberg\OneDrive\SCU EUROPE 2015\RB2DEMOAPP\CS\Unnamed_1"" (target ""GenerateMDILResponseFileSingleFile"" depends on it):"
"Message",Low,"Building target ""RunILTransforms"" completely."
"Message",Low,"Output file ""C:\Users\lberg\OneDrive\SCU EUROPE 2015\RB2DEMOAPP\CS\obj\ARM\Release\ilc\intermediate\ILTransformed\SCU2015LeeDemo.ilexe"" does not exist."
"Message",Low,"Task ""IlcMessageTask"""
"Message",High,"Processing application code"
"Message",Low,"Done executing task ""IlcMessageTask""."
"Message",Low,"Using ""ValidateSimpleNamesTask"" task from assembly ""C:\Program Files (x86)\MSBuild\Microsoft\.NetNative\ARM\ilc\ilc.exe""."
"Message",Low,"Task ""ValidateSimpleNamesTask"""
"Message",Low,"Done executing task ""ValidateSimpleNamesTask""."
"Message",Low,"Task ""MakeDir"""
"Message",Normal,"Creating directory ""C:\Users\lberg\OneDrive\SCU EUROPE 2015\RB2DEMOAPP\CS\obj\ARM\Release\ilc\intermediate\ILTransformed\""."
"Message",Low,"Done executing task ""MakeDir""."
"Message",Low,"Task ""IlcErrorTask"" skipped, due to false condition; ('$(PlatformTarget)'=='') was evaluated as ('arm'=='')."
"Message",Low,"Task ""IlcErrorTask"" skipped, due to false condition; ('$(BuildSharedAssemblies)' == 'true' and '$(UseSharedAssemblies)' == 'true') was evaluated as ('false' == 'true' and 'false' == 'true')."
"Message",Low,"Task ""ResolveFilePathTask"""
"Message",Low,"Done executing task ""ResolveFilePathTask""."
"Message",Low,"Task ""IlcErrorTask"" skipped, due to false condition; ('@(UnresolvedMcgSourceContractsReferencesErrorParameters)'!='') was evaluated as (''!='')."
"Message",Low,"Task ""ResolveFilePathTask"""
"Message",Low,"Done executing task ""ResolveFilePathTask""."
"Message",Low,"Task ""IlcErrorTask"" skipped, due to false condition; ('@(UnresolvedMcgSourceFacadeErrorParameters)'!='') was evaluated as (''!='')."
"Message",Low,"Task ""ResolveFilePathTask"""
"Message",Low,"Done executing task ""ResolveFilePathTask""."
"Message",Low,"Task ""ResolveFilePathTask"""
"Message",Low,"Done executing task ""ResolveFilePathTask""."
"Message",Low,"Task ""IlcErrorTask"" skipped, due to false condition; ('@(UnresolvedManagedDllFilesErrorParameters)'!='') was evaluated as (''!='')."
"Message",Low,"Task ""AssemblyClosureTask"""
"Message",Low,"Done executing task ""AssemblyClosureTask""."
"Message",Low,"Task ""ResolveFilePathTask"""
"Message",Low,"Done executing task ""ResolveFilePathTask""."
"Message",Low,"Task ""IlcErrorTask"" skipped, due to false condition; ('@(UnresolvedCoreAssemblyErrorParameters)'!='') was evaluated as (''!='')."
"Message",Low,"Task ""RemoveDuplicates"""
"Message",Low,"Done executing task ""RemoveDuplicates""."
"Message",Low,"Task ""AddToNativePackageTask"" skipped, due to false condition; ('@(NeedsClrCompression)' != '') was evaluated as ('' != '')."
"Message",Low,"Task ""MakeDir"""
"Message",Normal,"Creating directory ""C:\Users\lberg\OneDrive\SCU EUROPE 2015\RB2DEMOAPP\CS\obj\ARM\Release\ilc\intermediate\SgGenerated""."
"Message",Low,"Done executing task ""MakeDir""."
"Message",Low,"Using ""WriteLinesToFile"" task from assembly ""Microsoft.Build.Tasks.v4.0, Version=4.0.0.0, Culture=neutral, PublicKeyToken=b03f5f7f11d50a3a""."
"Message",Low,"Task ""WriteLinesToFile"""
"Message",Low,"Done executing task ""WriteLinesToFile""."
"Message",Low,"Task ""ReadLinesFromFile"" skipped, due to false condition; ('$(UseSharedAssemblies)' == 'true') was evaluated as ('false' == 'true')."
"Message",Low,"Task ""MakeDir"""
"Message",Normal,"Creating directory ""C:\Users\lberg\OneDrive\SCU EUROPE 2015\RB2DEMOAPP\CS\obj\ARM\Release\ilc\intermediate\ResW\""."
"Message",Low,"Done executing task ""MakeDir""."
"Message",Low,"Using ""IlcWarningTask"" task from assembly ""C:\Program Files (x86)\MSBuild\Microsoft\.NetNative\ARM\ilc\ilc.exe""."
"Message",Low,"Task ""IlcWarningTask"""
"Warning","C:\Program Files (x86)\MSBuild\Microsoft\.NetNative\ARM\ilc\IlcInternals.targets",789,5,"Your application is missing a Runtime Directives (rd.xml) file. Runtime Directives are used to describe the dynamic behavior of your application and control the .NET Native optimizer. It is recommended to have at least one rd.xml file in your project."
"Message",Low,"Done executing task ""IlcWarningTask""."
"Message",Low,"Task ""ILTransformTask"""
"Message",Normal,"Running 'Mcg' transform, heap at 17 mb."
"Message",High,"Computing application closure and generating interop code"
"Message",Normal,"  List of .lib files:"
"Message",Normal,"      mincore.lib"
"Message",Normal,"  List of .lib search paths:"
"Message",Normal,"      C:\Program Files (x86)\Windows Kits\10\lib\10.0.10240.0\um\arm"
"Message",Normal,"  Loading exports from libs..."
"Message",Normal,"      4184 exports read from 'C:\Program Files (x86)\Windows Kits\10\lib\10.0.10240.0\um\arm\mincore.lib'."
"Message",Normal,"  Loading 69 modules..."
"Message",Normal,"  Discovering types..."
"Message",Normal,"      Imported reflection directives from 14 files:"
"Message",Normal,"          Embedded manifest in System.Diagnostics.Tracing: Resources.System.Diagnostics.Tracing.rd.xml"
"Message",Normal,"          Embedded manifest in System.Private.CoreLib: Resources.System.Private.CoreLib.rd.xml"
"Message",Normal,"          Embedded manifest in System.Private.Uri: Resources.System.Private.Uri.rd.xml"
"Message",Normal,"          Embedded manifest in System.Private.Reflection: Resources.System.Private.Reflection.rd.xml"
"Message",Normal,"          Embedded manifest in System.Private.Reflection.Core: Resources.System.Private.Reflection.Core.rd.xml"
"Message",Normal,"          Embedded manifest in System.Private.Interop: Resources.System.Private.Interop.rd.xml"
"Message",Normal,"          Embedded manifest in System.Dynamic.Runtime: Resources.System.Dynamic.Runtime.rd.xml"
"Message",Normal,"          Embedded manifest in Microsoft.CSharp: Microsoft.CSharp.Resources.Microsoft.CSharp.rd.xml"
"Message",Normal,"          Embedded manifest in System.Linq.Expressions: Resources.System.Linq.Expressions.rd.xml"
"Message",Normal,"          Embedded manifest in System.Private.PortableThunks: Resources.System.Private.PortableThunks.rd.xml"
"Message",Normal,"          Embedded manifest in System.Xml.ReaderWriter: System.Xml.Resources.System.Xml.ReaderWriter.rd.xml"
"Message",Normal,"          Embedded manifest in System.Xml.XDocument: System.Xml.Resources.System.Xml.XDocument.rd.xml"
"Message",Normal,"          Embedded manifest in System.Runtime.Serialization.Primitives: System.Runtime.Serialization.Primitives.Resources.System.Runtime.Serialization.Primitives.rd.xml"
"Message",Normal,"          Newtonsoft.Json"
"Message",Normal,"      Imported XAML Roots from 1 files:"
"Message",Normal,"          C:\Users\lberg\OneDrive\SCU EUROPE 2015\RB2DEMOAPP\CS\obj\ARM\Release\ilc\in\SCU2015LeeDemo.xr.xml"
"Message",Normal,"  2151 type(s) discovered in 8306.00 ms. "
"Message",Normal,"  Importing types into IR..."
"Message",Normal,"      WinRT roots      : 1072"
"Message",Normal,"      CCW roots        : 1073"
"Message",Normal,"      COM roots        : 6"
"Message",Normal,"      PInvoke methods  : 38"
"Message",Normal,"      PInvoke delegates: 1"
"Message",Normal,"      PInvoke structs  : 16"
"Message",Normal,"  3063 types imported in 177.00 ms. "
"Message",Normal,"  Generating code..."
"Message",Normal,"      Resolving P/invokes..."
"Message",Normal,"          P/invoke 'RhWaitForPendingFinalizers' could not be resolved and defaulting to [MRT]!RhWaitForPendingFinalizers"
"Message",Normal,"          P/invoke 'RhCompatibleReentrantWaitAny' could not be resolved and defaulting to [MRT]!RhCompatibleReentrantWaitAny"
"Message",Normal,"          P/invoke '_ecvt_s' could not be resolved and defaulting to [MRT]!_ecvt_s"
"Message",Normal,"          P/invoke 'memmove' could not be resolved and defaulting to [MRT]!memmove"
"Message",Normal,"          P/invoke 'GetLastError' resolved to api-ms-win-core-errorhandling-l1-1-1.dll!GetLastError"
"Message",Normal,"          P/invoke 'SetLastError' resolved to api-ms-win-core-errorhandling-l1-1-1.dll!SetLastError"
"Message",Normal,"          P/invoke 'GetLastError' resolved to api-ms-win-core-errorhandling-l1-1-1.dll!GetLastError"
"Message",Normal,"          P/invoke 'NormalizeString' could not be resolved and defaulting to api-ms-win-core-normalization-l1-1-0.dll!NormalizeString"
"Message",Normal,"          P/invoke 'RoInitialize' resolved to api-ms-win-core-winrt-l1-1-0.dll!RoInitialize"
"Message",Normal,"          P/invoke 'IsValidLocaleName' resolved to api-ms-win-core-localization-l1-2-1.dll!IsValidLocaleName"
"Message",Normal,"          P/invoke 'ResolveLocaleName' resolved to api-ms-win-core-localization-l1-2-1.dll!ResolveLocaleName"
"Message",Normal,"          P/invoke 'FormatMessage' resolved to api-ms-win-core-localization-l1-2-1.dll!FormatMessageA"
"Message",Normal,"          P/invoke 'GetCPInfoExW' resolved to api-ms-win-core-localization-l1-2-1.dll!GetCPInfoExW"
"Message",Normal,"          P/invoke 'IdnToAscii' resolved to api-ms-win-core-localization-l1-2-1.dll!IdnToAscii"
"Message",Normal,"          P/invoke 'IdnToUnicode' resolved to api-ms-win-core-localization-l1-2-1.dll!IdnToUnicode"
"Message",Normal,"          P/invoke 'FindNLSStringEx' resolved to api-ms-win-core-localization-l1-2-1.dll!FindNLSStringEx"
"Message",Normal,"          P/invoke 'FormatMessageW' resolved to api-ms-win-core-localization-l1-2-1.dll!FormatMessageW"
"Message",Normal,"          P/invoke 'GetCommandLineW' resolved to api-ms-win-core-processenvironment-l1-2-0.dll!GetCommandLineW"
"Message",Normal,"          P/invoke 'GetCurrentThreadId' resolved to api-ms-win-core-processthreads-l1-1-2.dll!GetCurrentThreadId"
"Message",Normal,"          P/invoke 'GetCurrentProcessId' resolved to api-ms-win-core-processthreads-l1-1-2.dll!GetCurrentProcessId"
"Message",Normal,"          P/invoke 'EventWriteTransfer' resolved to api-ms-win-eventing-provider-l1-1-0.dll!EventWriteTransfer"
"Message",Normal,"          P/invoke 'EventSetInformation' resolved to api-ms-win-eventing-provider-l1-1-0.dll!EventSetInformation"
"Message",Normal,"          P/invoke 'EventRegister' resolved to api-ms-win-eventing-provider-l1-1-0.dll!EventRegister"
"Message",Normal,"          P/invoke 'EventUnregister' resolved to api-ms-win-eventing-provider-l1-1-0.dll!EventUnregister"
"Message",Normal,"          P/invoke 'RaiseFailFastException' resolved to api-ms-win-core-errorhandling-l1-1-3.dll!RaiseFailFastException"
"Message",Normal,"          P/invoke 'GetNativeSystemInfo' resolved to api-ms-win-core-sysinfo-l1-2-1.dll!GetNativeSystemInfo"
"Message",Normal,"          P/invoke 'VirtualQuery' resolved to api-ms-win-core-memory-l1-1-2.dll!VirtualQuery"
"Message",Normal,"          P/invoke 'CompareStringEx' resolved to api-ms-win-core-string-l1-1-0.dll!CompareStringEx"
"Message",Normal,"          P/invoke 'CompareStringOrdinal' resolved to api-ms-win-core-string-l1-1-0.dll!CompareStringOrdinal"
"Message",Normal,"          P/invoke 'CoCreateInstance' resolved to api-ms-win-core-com-l1-1-1.dll!CoCreateInstance"
"Message",Normal,"          P/invoke 'QueryUnbiasedInterruptTime' resolved to api-ms-win-core-realtime-l1-1-0.dll!QueryUnbiasedInterruptTime"
"Message",Normal,"          P/invoke 'FindStringOrdinal' resolved to api-ms-win-core-libraryloader-l1-2-0.dll!FindStringOrdinal"
"Message",Normal,"          P/invoke 'SysFreeString' resolved to oleaut32.dll!#6"
"Message",Normal,"          P/invoke 'GetLongPathNameW' resolved to api-ms-win-core-file-l1-2-1.dll!GetLongPathNameW"
"Message",Normal,"          P/invoke 'GetLongPathNameW' resolved to api-ms-win-core-file-l1-2-1.dll!GetLongPathNameW"
"Message",Normal,"          P/invoke 'GetFullPathNameW' resolved to api-ms-win-core-file-l1-2-1.dll!GetFullPathNameW"
"Message",Normal,"          P/invoke 'GetFullPathNameW' resolved to api-ms-win-core-file-l1-2-1.dll!GetFullPathNameW"
"Message",Normal,"          P/invoke 'RoGetBufferMarshaler' could not be resolved and defaulting to api-ms-win-core-winrt-robuffer-l1-1-0.dll!RoGetBufferMarshaler"
"Message",Normal,"  Interop code generated in 284.00 ms."
"Message",Normal,"  Written code to SCU2015LeeDemo.Interop.g.cs in 1406.67 ms"
"Message",Normal,"  Written code to SCU2015LeeDemo.ITFProxy.g.cs in 0.34 ms"
"Message",Normal,"Running 'CompileMcgSource' transform, heap at 190 mb."
"Message",High,"Compiling interop code"
"Message",Low,"Compiling MCG output with arguments:  /debug:""pdbonly"" /nowarn:""0436;0618;1668;1685"" /debug+ /nostdlib+ /optimize+ /out:""C:\Users\lberg\OneDrive\SCU EUROPE 2015\RB2DEMOAPP\CS\obj\ARM\Release\ilc\intermediate\SCU2015LeeDemo.Interop.dll"" /pdb:""C:\Users\lberg\OneDrive\SCU EUROPE 2015\RB2DEMOAPP\CS\obj\ARM\Release\ilc\intermediate\SCU2015LeeDemo.Interop.pdb"" /platform:""arm"" /warnaserror+ /unsafe /noconfig /nologo /target:library /define:""WIN32"" /define:""ARM"" /define:""MCG_PRE_BUILD"" /r:""C:\Program Files (x86)\MSBuild\Microsoft\.NetNative\ARM\ilc\lib\Private\System.Private.Corelib.dll"" /r:""C:\Program Files (x86)\MSBuild\Microsoft\.NetNative\ARM\ilc\lib\Private\System.Private.Corelib.InteropServices.dll"" /r:""C:\Program Files (x86)\MSBuild\Microsoft\.NetNative\ARM\ilc\lib\Private\System.Private.Interop.dll"" /r:""C:\Users\lberg\OneDrive\SCU EUROPE 2015\RB2DEMOAPP\CS\obj\ARM\Release\ilc\in\System.Private.Uri.dll"" /r:""C:\Program Files (x86)\MSBuild\Microsoft\.NetNative\ARM\ilc\lib\Private\System.Private.CompilerServices.ICastable.dll"" /r:""C:\Program Files (x86)\MSBuild\Microsoft\.NetNative\ARM\ilc\lib\Private\System.Private.Reflection.dll"" /r:""C:\Program Files (x86)\MSBuild\Microsoft\.NetNative\ARM\ilc\lib\Private\System.Private.DispatchProxy.dll"" /r:""C:\Users\lberg\OneDrive\SCU EUROPE 2015\RB2DEMOAPP\CS\obj\ARM\Release\ilc\in\System.Reflection.DispatchProxy.dll"" /r:""C:\Users\lberg\OneDrive\SCU EUROPE 2015\RB2DEMOAPP\CS\obj\ARM\Release\ilc\in\System.Reflection.dll"" /r:""C:\Users\lberg\OneDrive\SCU EUROPE 2015\RB2DEMOAPP\CS\obj\ARM\Release\ilc\in\System.Runtime.dll"" /r:""C:\Users\lberg\OneDrive\SCU EUROPE 2015\RB2DEMOAPP\CS\obj\ARM\Release\ilc\in\System.Runtime.Extensions.dll"" /r:""C:\Users\lberg\OneDrive\SCU EUROPE 2015\RB2DEMOAPP\CS\obj\ARM\Release\ilc\in\System.Runtime.InteropServices.dll"" /r:""C:\Users\lberg\OneDrive\SCU EUROPE 2015\RB2DEMOAPP\CS\obj\ARM\Release\ilc\in\System.Runtime.InteropServices.WindowsRuntime.dll"" /r:""C:\Users\lberg\OneDrive\SCU EUROPE 2015\RB2DEMOAPP\CS\obj\ARM\Release\ilc\in\System.Collections.dll"" /r:""C:\Users\lberg\OneDrive\SCU EUROPE 2015\RB2DEMOAPP\CS\obj\ARM\Release\ilc\in\System.ObjectModel.dll"" /r:""C:\Users\lberg\OneDrive\SCU EUROPE 2015\RB2DEMOAPP\CS\obj\ARM\Release\ilc\in\System.Runtime.WindowsRuntime.dll"" /r:""C:\Users\lberg\OneDrive\SCU EUROPE 2015\RB2DEMOAPP\CS\obj\ARM\Release\ilc\in\System.Runtime.WindowsRuntime.UI.Xaml.dll"" /r:""C:\Users\lberg\OneDrive\SCU EUROPE 2015\RB2DEMOAPP\CS\obj\ARM\Release\ilc\in\System.Numerics.Vectors.dll"" /r:""C:\Users\lberg\OneDrive\SCU EUROPE 2015\RB2DEMOAPP\CS\obj\ARM\Release\ilc\in\System.Threading.dll"" /r:""C:\Users\lberg\OneDrive\SCU EUROPE 2015\RB2DEMOAPP\CS\obj\ARM\Release\ilc\in\System.Diagnostics.Debug.dll"" /r:""C:\Users\lberg\OneDrive\SCU EUROPE 2015\RB2DEMOAPP\CS\obj\ARM\Release\ilc\in\System.Runtime.Handles.dll"" /r:""C:\Users\lberg\OneDrive\SCU EUROPE 2015\RB2DEMOAPP\CS\obj\ARM\Release\ilc\in\System.Dynamic.Runtime.dll"" ""C:\Users\lberg\OneDrive\SCU EUROPE 2015\RB2DEMOAPP\CS\obj\ARM\Release\ilc\intermediate\SCU2015LeeDemo.Interop.g.cs"" ""C:\Users\lberg\OneDrive\SCU EUROPE 2015\RB2DEMOAPP\CS\obj\ARM\Release\ilc\intermediate\SCU2015LeeDemo.ITFProxy.g.cs"""
"Message",Normal,"Running 'SerializationAssemblyGenerator' transform, heap at 190 mb."
"Message",High,"Generating serialization code"
"Message",Normal,"Running 'DumpNativeResources' transform, heap at 191 mb."
"Message",Normal,"Running 'ReducedCopy' transform, heap at 191 mb."
"Message",Normal,"Running 'DeveloperExperienceModeOnlyCodeRemover' transform, heap at 247 mb."
"Message",Normal,"Running 'ComImportDetector' transform, heap at 247 mb."
"Message",Normal,"Running 'McgAccessor' transform, heap at 247 mb."
"Message",Normal,"Running 'McgRedirect' transform, heap at 249 mb."
"Message",Normal,"Running 'McgRedirect' transform, heap at 252 mb."
"Message",Normal,"Running 'McgTypeOf' transform, heap at 253 mb."
"Message",Normal,"Running 'ExceptionMiniaturizer' transform, heap at 264 mb."
"Message",Normal,"Running 'EventSource' transform, heap at 274 mb."
"Message",Normal,"Running 'ValueType' transform, heap at 275 mb."
"Message",Normal,"Running 'Attribute' transform, heap at 277 mb."
"Message",Normal,"Running 'GetType' transform, heap at 279 mb."
"Message",Normal,"Running 'McgFixups' transform, heap at 280 mb."
"Message",Normal,"Running 'ResourceManagerCtor' transform, heap at 282 mb."
"Message",Normal,"Running 'TypeofTypeHandle' transform, heap at 282 mb."
"Message",Normal,"Running 'DispatchProxyIntrinsics' transform, heap at 288 mb."
"Message",Normal,"Running 'StaticInitData' transform, heap at 288 mb."
"Message",Normal,"Running 'StartupCodeInjector' transform, heap at 315 mb."
"Message",Normal,"Running 'InjectAppContextSwitches' transform, heap at 315 mb."
"Message",Normal,"Running 'Delegate' transform, heap at 315 mb."
"Message",Normal,"Running 'DelegateCtorCall' transform, heap at 335 mb."
"Message",Normal,"Running 'LazyGenerics' transform, heap at 337 mb."
"Message",Normal,"Running 'AddReflectionBlockedAttributes' transform, heap at 293 mb."
"Message",Normal,"Running 'DisableOptimization' transform, heap at 294 mb."
"Message",Normal,"Running 'CreateMetadata' transform, heap at 294 mb."
"Message",Normal,"Running 'SynchronizedMethod' transform, heap at 320 mb."
"Message",Normal,"Running 'ReflectionInvoke' transform, heap at 320 mb."
"Message",Normal,"Running 'ScrubOpenCalls' transform, heap at 321 mb."
"Message",Normal,"Running 'Calli' transform, heap at 321 mb."
"Message",Normal,"Running 'ConvertCatchIntoFilter' transform, heap at 335 mb."
"Message",Normal,"Running 'ReflectionMappingInfoEmit' transform, heap at 335 mb."
"Message",Normal,"Running 'ConvertManagedWinMD' transform, heap at 336 mb."
"Message",Normal,"Running 'Reducer' transform, heap at 336 mb."
"Message",High,"Cleaning up unreferenced code"
"Message",Normal,""
"Message",Normal,"Transform summary"
"Message",Normal,"   ms | heap delta | name"
"Message",Normal," 10385 |        173 | Mcg"
"Message",Normal,"  3174 |          6 | Reducer"
"Message",Normal,"  2758 |          0 | CompileMcgSource"
"Message",Normal,"  1900 |         56 | ReducedCopy"
"Message",Normal,"   391 |        -44 | LazyGenerics"
"Message",Normal,"   238 |         26 | CreateMetadata"
"Message",Normal,"   184 |         10 | ExceptionMiniaturizer"
"Message",Normal,"   164 |         11 | McgTypeOf"
"Message",Normal,"   163 |         27 | StaticInitData"
"Message",Normal,"   133 |          3 | McgRedirect"
"Message",Normal,"   130 |         14 | Calli"
"Message",Normal,"   112 |          6 | TypeofTypeHandle"
"Message",Normal,"   106 |          1 | McgRedirect"
"Message",Normal,"    95 |          1 | ReflectionInvoke"
"Message",Normal,"    76 |         20 | Delegate"
"Message",Normal,"    65 |          2 | DelegateCtorCall"
"Message",Normal,"    30 |          2 | McgFixups"
"Message",Normal,"    29 |          0 | SynchronizedMethod"
"Message",Normal,"    26 |          1 | GetType"
"Message",Normal,"    20 |          2 | McgAccessor"
"Message",Normal,"    18 |          1 | EventSource"
"Message",Normal,"    16 |          0 | ScrubOpenCalls"
"Message",Normal,"    14 |          0 | DispatchProxyIntrinsics"
"Message",Normal,"    11 |          2 | ValueType"
"Message",Normal,"     9 |          0 | ConvertCatchIntoFilter"
"Message",Normal,"     9 |          0 | StartupCodeInjector"
"Message",Normal,"     8 |          2 | Attribute"
"Message",Normal,"     6 |          0 | DumpNativeResources"
"Message",Normal,"     4 |          0 | DeveloperExperienceModeOnlyCodeRemover"
"Message",Normal,"     2 |          1 | ReflectionMappingInfoEmit"
"Message",Normal,"     2 |          1 | SerializationAssemblyGenerator"
"Message",Normal,"     1 |          0 | ResourceManagerCtor"
"Message",Normal,"     1 |          1 | AddReflectionBlockedAttributes"
"Message",Normal,"     0 |          0 | InjectAppContextSwitches"
"Message",Normal,"     0 |          0 | ConvertManagedWinMD"
"Message",Normal,"     0 |          0 | DisableOptimization"
"Message",Normal,"     0 |          0 | ComImportDetector"
"Message",Normal,"Writing transformed assembly took 2455 ms, heap at 371 mb."
"Message",Low,"Done executing task ""ILTransformTask""."
"Message",Low,"Done building target ""RunILTransforms"" in project ""Unnamed_1""."
"Message",Low,"Target ""CheckSharedAssemblyClosure"" skipped, due to false condition; ('$(BuildSharedAssemblies)' == 'true') was evaluated as ('false' == 'true')."
"Message",Low,"Target ""GenerateMDILResponseFileSingleFile"" in file ""C:\Program Files (x86)\MSBuild\Microsoft\.NetNative\ARM\ilc\IlcInternals.targets"" from project ""C:\Users\lberg\OneDrive\SCU EUROPE 2015\RB2DEMOAPP\CS\Unnamed_1"" (target ""GenerateMDILSingleFile"" depends on it):"
"Message",Low,"Building target ""GenerateMDILResponseFileSingleFile"" completely."
"Message",Low,"Output file ""C:\Users\lberg\OneDrive\SCU EUROPE 2015\RB2DEMOAPP\CS\obj\ARM\Release\ilc\intermediate\nutcargs.rsp"" does not exist."
"Message",Low,"Task ""IlcMessageTask"""
"Message",High,"Running native compilers"
"Message",Low,"Done executing task ""IlcMessageTask""."
"Message",Low,"Task ""MakeDir"""
"Message",Normal,"Creating directory ""C:\Users\lberg\OneDrive\SCU EUROPE 2015\RB2DEMOAPP\CS\obj\ARM\Release\ilc\intermediate\MDIL\""."
"Message",Low,"Done executing task ""MakeDir""."
"Message",Low,"Task ""WriteLinesToFile"""
"Message",Low,"Done executing task ""WriteLinesToFile""."
"Message",Low,"Done building target ""GenerateMDILResponseFileSingleFile"" in project ""Unnamed_1""."
"Message",Low,"Target ""GenerateMDILSingleFile"" in file ""C:\Program Files (x86)\MSBuild\Microsoft\.NetNative\ARM\ilc\IlcInternals.targets"" from project ""C:\Users\lberg\OneDrive\SCU EUROPE 2015\RB2DEMOAPP\CS\Unnamed_1"" (target ""GenerateMDIL"" depends on it):"
"Message",Low,"Building target ""GenerateMDILSingleFile"" completely."
"Message",Low,"Output file ""C:\Users\lberg\OneDrive\SCU EUROPE 2015\RB2DEMOAPP\CS\obj\ARM\Release\ilc\intermediate\MDIL\SCU2015LeeDemo.mdilexe"" does not exist."
"Message",Low,"Using ""StartProcessTask"" task from assembly ""Microsoft.Build.ILTasks""."
"Message",Low,"Task ""StartProcessTask"""
"Message",Normal,"Launching 'C:\Program Files (x86)\MSBuild\Microsoft\.NetNative\ARM\ilc\Tools\nutc_driver.exe @""C:\Users\lberg\OneDrive\SCU EUROPE 2015\RB2DEMOAPP\CS\obj\ARM\Release\ilc\intermediate\nutcargs.rsp""'"
"Message",Low,"Microsoft (R) MDIL Compiler - Version 1.0.23117.00"
"Message",Low,"Copyright (c) Microsoft Corporation.  All rights reserved."
"Message",Low,"Scanning input types"
"Message",Low,"Eager code generation"
"Message",Low,"Scanning 4929 methods."
"Message",Low,"Scanning 3482 methods."
"Message",Low,"Scanning 2542 methods."
"Message",Low,"Scanning 2113 methods."
"Message",Low,"Scanning 6017 methods."
"Message",Low,"Scanning 4992 methods."
"Message",Low,"Scanning 3104 methods."
"Message",Low,"Scanning 2739 methods."
"Message",Low,"Scanning 1715 methods."
"Message",Low,"Scanning 1689 methods."
"Message",Low,"Scanning 1310 methods."
"Message",Low,"Scanning 561 methods."
"Message",Low,"Scanning 402 methods."
"Message",Low,"Scanning 151 methods."
"Message",Low,"Scanning 64 methods."
"Message",Low,"Scanning 47 methods."
"Message",Low,"Scanning 22 methods."
"Message",Low,"Scanning 18 methods."
"Message",Low,"Scanning 11 methods."
"Message",Low,"Scanning 6 methods."
"Message",Low,"Scanning 1 methods."
"Message",Low,"Scanning 1 methods."
"Message",Low,"Compiling 36002 methods."
"Message",Low,"Deferred code generation"
"Message",Low,"Successfully generated 'C:\Users\lberg\OneDrive\SCU EUROPE 2015\RB2DEMOAPP\CS\obj\ARM\Release\ilc\intermediate\MDIL\SCU2015LeeDemo.mdilexe'"
"Message",Low,"Successfully generated 'C:\Users\lberg\OneDrive\SCU EUROPE 2015\RB2DEMOAPP\CS\obj\ARM\Release\ilc\intermediate\MDIL\SCU2015LeeDemo.mdilpdb'"
"Message",Normal,"'C:\Program Files (x86)\MSBuild\Microsoft\.NetNative\ARM\ilc\Tools\nutc_driver.exe @""C:\Users\lberg\OneDrive\SCU EUROPE 2015\RB2DEMOAPP\CS\obj\ARM\Release\ilc\intermediate\nutcargs.rsp""' completed."
"Message",Normal,"Process execution statistics (all times in milliseconds)"
"Message",Normal,"-----------------------------------------------------------------------------"
"Message",Normal,"launch  |  start   |   stop   |   end    | duration | lifetime | [slot] name"
"Message",Normal,"-----------------------------------------------------------------------------"
"Message",Normal,"       0 |       15 |    22953 |    22953 |    22938 |    22953 | [0] nutc"
"Message",Normal,"Number of commands:      1"
"Message",Normal,"Total system time:       22953 ms"
"Message",Normal,"System time per command: 22953 ms"
"Message",Normal,"Total duration:          22938 ms"
"Message",Normal,"Total lifetime:          22953 ms"
"Message",Normal,"Requested DOP:           8"
"Message",Normal,"Duration DOP:            1.0"
"Message",Normal,"Lifetime DOP:            1.0"
"Message",Low,"Done executing task ""StartProcessTask""."
"Message",Low,"Done building target ""GenerateMDILSingleFile"" in project ""Unnamed_1""."
"Message",Low,"Target ""GenerateMDIL"" in file ""C:\Program Files (x86)\MSBuild\Microsoft\.NetNative\ARM\ilc\IlcInternals.targets"" from project ""C:\Users\lberg\OneDrive\SCU EUROPE 2015\RB2DEMOAPP\CS\Unnamed_1"" (target ""MDILBindPrepare"" depends on it):"
"Message",Normal,"Skipping target ""GenerateMDIL"" because all output files are up-to-date with respect to the input files."
"Message",Low,"Input files: C:\Users\lberg\OneDrive\SCU EUROPE 2015\RB2DEMOAPP\CS\obj\ARM\Release\ilc\intermediate\nutcargs.rsp"
"Message",Low,"Output files: C:\Users\lberg\OneDrive\SCU EUROPE 2015\RB2DEMOAPP\CS\obj\ARM\Release\ilc\intermediate\MDIL\SCU2015LeeDemo.mdilexe;C:\Users\lberg\OneDrive\SCU EUROPE 2015\RB2DEMOAPP\CS\obj\ARM\Release\ilc\intermediate\MDIL\SCU2015LeeDemo.mdilpdb"
"Message",Low,"Done building target ""GenerateMDIL"" in project ""Unnamed_1""."
"Message",Low,"Target ""GenerateBuildInfo"" in file ""C:\Program Files (x86)\MSBuild\Microsoft\.NetNative\ARM\ilc\IlcInternals.targets"" from project ""C:\Users\lberg\OneDrive\SCU EUROPE 2015\RB2DEMOAPP\CS\Unnamed_1"" (target ""MDILBindPrepare"" depends on it):"
"Message",Low,"Building target ""GenerateBuildInfo"" completely."
"Message",Low,"Output file ""C:\Users\lberg\OneDrive\SCU EUROPE 2015\RB2DEMOAPP\CS\obj\ARM\Release\ilc\intermediate\Native.res"" does not exist."
"Message",Low,"Task ""StartProcessTask"""
"Message",Normal,"Launching 'C:\Program Files (x86)\Windows Kits\10\bin\x86\rc.exe /r /fo ""C:\Users\lberg\OneDrive\SCU EUROPE 2015\RB2DEMOAPP\CS\obj\ARM\Release\ilc\intermediate\BuildInfo\BuildInfo.res"" ""C:\Users\lberg\OneDrive\SCU EUROPE 2015\RB2DEMOAPP\CS\obj\ARM\Release\ilc\intermediate\BuildInfo\BuildInfo.rc""'"
"Message",Low,"Microsoft (R) Windows (R) Resource Compiler Version 10.0.10011.16384"
"Message",Low,"Copyright (C) Microsoft Corporation.  All rights reserved."
"Message",Normal,"'C:\Program Files (x86)\Windows Kits\10\bin\x86\rc.exe /r /fo ""C:\Users\lberg\OneDrive\SCU EUROPE 2015\RB2DEMOAPP\CS\obj\ARM\Release\ilc\intermediate\BuildInfo\BuildInfo.res"" ""C:\Users\lberg\OneDrive\SCU EUROPE 2015\RB2DEMOAPP\CS\obj\ARM\Release\ilc\intermediate\BuildInfo\BuildInfo.rc""' completed."
"Message",Normal,"Process execution statistics (all times in milliseconds)"
"Message",Normal,"-----------------------------------------------------------------------------"
"Message",Normal,"launch  |  start   |   stop   |   end    | duration | lifetime | [slot] name"
"Message",Normal,"-----------------------------------------------------------------------------"
"Message",Normal,"       0 |       16 |       63 |       63 |       47 |       63 | [0] RC"
"Message",Normal,"Number of commands:      1"
"Message",Normal,"Total system time:       63 ms"
"Message",Normal,"System time per command: 63 ms"
"Message",Normal,"Total duration:          47 ms"
"Message",Normal,"Total lifetime:          63 ms"
"Message",Normal,"Requested DOP:           8"
"Message",Normal,"Duration DOP:            0.7"
"Message",Normal,"Lifetime DOP:            1.0"
"Message",Low,"Done executing task ""StartProcessTask""."
"Message",Low,"Using ""BinaryConcatenateTask"" task from assembly ""Microsoft.Build.ILTasks""."
"Message",Low,"Task ""BinaryConcatenateTask"""
"Message",Normal,"Concatenating into 'C:\Users\lberg\OneDrive\SCU EUROPE 2015\RB2DEMOAPP\CS\obj\ARM\Release\ilc\intermediate\Native.res' with alignment '4'."
"Message",Normal," Added 'C:\Users\lberg\OneDrive\SCU EUROPE 2015\RB2DEMOAPP\CS\obj\ARM\Release\ilc\intermediate\ILTransformed\SCU2015LeeDemo.res' at offset 0."
"Message",Normal," Added 'C:\Users\lberg\OneDrive\SCU EUROPE 2015\RB2DEMOAPP\CS\obj\ARM\Release\ilc\intermediate\BuildInfo\BuildInfo.res' at offset 1400."
"Message",Low,"Done executing task ""BinaryConcatenateTask""."
"Message",Low,"Done building target ""GenerateBuildInfo"" in project ""Unnamed_1""."
"Message",Low,"Target ""MDILBindPrepare"" in file ""C:\Program Files (x86)\MSBuild\Microsoft\.NetNative\ARM\ilc\IlcInternals.targets"" from project ""C:\Users\lberg\OneDrive\SCU EUROPE 2015\RB2DEMOAPP\CS\Unnamed_1"" (target ""MDILBindCreateResponseFiles"" depends on it):"
"Message",Low,"Task ""MakeDir"""
"Message",Normal,"Creating directory ""C:\Users\lberg\OneDrive\SCU EUROPE 2015\RB2DEMOAPP\CS\obj\ARM\Release\ilc\intermediate\Native\""."
"Message",Low,"Done executing task ""MakeDir""."
"Message",Low,"Task ""StartProcessTask"" skipped, due to false condition; ('$(Pgi)'=='true') was evaluated as ('false'=='true')."
"Message",Low,"Done building target ""MDILBindPrepare"" in project ""Unnamed_1""."
"Message",Low,"Target ""MDILBindCreateResponseFiles"" in file ""C:\Program Files (x86)\MSBuild\Microsoft\.NetNative\ARM\ilc\IlcInternals.targets"" from project ""C:\Users\lberg\OneDrive\SCU EUROPE 2015\RB2DEMOAPP\CS\Unnamed_1"" (target ""MDILBind"" depends on it):"
"Message",Low,"Building target ""MDILBindCreateResponseFiles"" completely."
"Message",Low,"Output file ""C:\Users\lberg\OneDrive\SCU EUROPE 2015\RB2DEMOAPP\CS\obj\ARM\Release\ilc\intermediate\rhbindargs.SCU2015LeeDemo.rsp"" does not exist."
"Message",Low,"Task ""WriteLinesToFile"""
"Message",Low,"Done executing task ""WriteLinesToFile""."
"Message",Low,"Done building target ""MDILBindCreateResponseFiles"" in project ""Unnamed_1""."
"Message",Low,"Target ""MDILBind"" in file ""C:\Program Files (x86)\MSBuild\Microsoft\.NetNative\ARM\ilc\IlcInternals.targets"" from project ""C:\Users\lberg\OneDrive\SCU EUROPE 2015\RB2DEMOAPP\CS\Unnamed_1"" (target ""CopyNativeExecutablesToOutput"" depends on it):"
"Message",Low,"Building target ""MDILBind"" completely."
"Message",Low,"Output file ""C:\Users\lberg\OneDrive\SCU EUROPE 2015\RB2DEMOAPP\CS\obj\ARM\Release\ilc\intermediate\Native\SCU2015LeeDemo.exe"" does not exist."
"Message",Low,"Task ""IlcMessageTask"""
"Message",High,"Generating fixups for native code"
"Message",Low,"Done executing task ""IlcMessageTask""."
"Message",Low,"Task ""StartProcessTask"""
"Message",Normal,"Launching 'C:\Program Files (x86)\MSBuild\Microsoft\.NetNative\ARM\ilc\Tools\rhbind.exe @""C:\Users\lberg\OneDrive\SCU EUROPE 2015\RB2DEMOAPP\CS\obj\ARM\Release\ilc\intermediate\rhbindargs.SCU2015LeeDemo.rsp""'"
"Message",Low,"OS VERSION: major: 6  minor: 2"
"Message",Low,"MDIL: C:\Users\lberg\OneDrive\SCU EUROPE 2015\RB2DEMOAPP\CS\obj\ARM\Release\ilc\intermediate\MDIL\SCU2015LeeDemo.mdilexe"
"Message",Low,"MDILPDB: C:\Users\lberg\OneDrive\SCU EUROPE 2015\RB2DEMOAPP\CS\obj\ARM\Release\ilc\intermediate\MDIL\SCU2015LeeDemo.mdilpdb"
"Message",Low,"IL: C:\Users\lberg\OneDrive\SCU EUROPE 2015\RB2DEMOAPP\CS\obj\ARM\Release\ilc\intermediate\MDIL\SCU2015LeeDemo.ilexe"
"Message",Low,"NI: C:\Users\lberg\OneDrive\SCU EUROPE 2015\RB2DEMOAPP\CS\obj\ARM\Release\ilc\intermediate\Native\SCU2015LeeDemo.dll"
"Message",Low,"SHIM: C:\Users\lberg\OneDrive\SCU EUROPE 2015\RB2DEMOAPP\CS\obj\ARM\Release\ilc\intermediate\Native\SCU2015LeeDemo.exe"
"Message",Low,"REDHAWK_RUNTIME_DLL_NAME_A=mrt100_app.dll"
"Message",Low,"pdb: C:\Users\lberg\OneDrive\SCU EUROPE 2015\RB2DEMOAPP\CS\obj\ARM\Release\ilc\intermediate\Native\SCU2015LeeDemo.pdb"
"Message",Low,"Produced C:\Users\lberg\OneDrive\SCU EUROPE 2015\RB2DEMOAPP\CS\obj\ARM\Release\ilc\intermediate\Native\SCU2015LeeDemo.dll in 1.835 seconds"
"Message",Normal,"'C:\Program Files (x86)\MSBuild\Microsoft\.NetNative\ARM\ilc\Tools\rhbind.exe @""C:\Users\lberg\OneDrive\SCU EUROPE 2015\RB2DEMOAPP\CS\obj\ARM\Release\ilc\intermediate\rhbindargs.SCU2015LeeDemo.rsp""' completed."
"Message",Normal,"Process execution statistics (all times in milliseconds)"
"Message",Normal,"-----------------------------------------------------------------------------"
"Message",Normal,"launch  |  start   |   stop   |   end    | duration | lifetime | [slot] name"
"Message",Normal,"-----------------------------------------------------------------------------"
"Message",Normal,"       0 |        0 |     1875 |     1875 |     1875 |     1875 | [0] rhbind SCU2015LeeDemo"
"Message",Normal,"Number of commands:      1"
"Message",Normal,"Total system time:       1875 ms"
"Message",Normal,"System time per command: 1875 ms"
"Message",Normal,"Total duration:          1875 ms"
"Message",Normal,"Total lifetime:          1875 ms"
"Message",Normal,"Requested DOP:           8"
"Message",Normal,"Duration DOP:            1.0"
"Message",Normal,"Lifetime DOP:            1.0"
"Message",Low,"Done executing task ""StartProcessTask""."
"Message",Low,"Task ""Move"" skipped, due to false condition; ('$(PdbPath)'!='') was evaluated as (''!='')."
"Message",Low,"Done building target ""MDILBind"" in project ""Unnamed_1""."
"Message",Low,"Target ""CopyNativeExecutablesToOutput"" in file ""C:\Program Files (x86)\MSBuild\Microsoft\.NetNative\ARM\ilc\IlcInternals.targets"" from project ""C:\Users\lberg\OneDrive\SCU EUROPE 2015\RB2DEMOAPP\CS\Unnamed_1"" (target ""Build"" depends on it):"
"Message",Low,"Using ""AddToNativePackageTask"" task from assembly ""C:\Program Files (x86)\MSBuild\Microsoft\.NetNative\ARM\ilc\ilc.exe""."
"Message",Low,"Task ""AddToNativePackageTask"""
"Message",Low,"Done executing task ""AddToNativePackageTask""."
"Message",Low,"Task ""AddToNativePackageTask"""
"Message",Low,"Done executing task ""AddToNativePackageTask""."
"Message",Low,"Task ""AddToNativePackageTask"" skipped, due to false condition; ('$(BuildSharedAssemblies)' != 'true' and '$(AllowAppLocalMrt)' == 'true') was evaluated as ('false' != 'true' and 'false' == 'true')."
"Message",Low,"Task ""AddToNativePackageTask"" skipped, due to false condition; ('$(BuildSharedAssemblies)' == 'true') was evaluated as ('false' == 'true')."
"Message",Low,"Task ""AddToNativePackageTask"" skipped, due to false condition; ('$(BuildSharedAssemblies)' == 'true') was evaluated as ('false' == 'true')."
"Message",Low,"Task ""AddToNativePackageTask"" skipped, due to false condition; ('$(BuildSharedAssemblies)' == 'true') was evaluated as ('false' == 'true')."
"Message",Low,"Task ""AddToNativePackageTask"" skipped, due to false condition; ('$(BuildSharedAssemblies)' == 'true') was evaluated as ('false' == 'true')."
"Message",Low,"Task ""AddToNativePackageTask"" skipped, due to false condition; ('$(BuildSharedAssemblies)' == 'true') was evaluated as ('false' == 'true')."
"Message",Low,"Task ""AddToNativePackageTask"" skipped, due to false condition; ('$(BuildSharedAssemblies)' == 'true') was evaluated as ('false' == 'true')."
"Message",Low,"Task ""AddToNativePackageTask"" skipped, due to false condition; ('$(Pgi)'=='true') was evaluated as ('false'=='true')."
"Message",Low,"Task ""AddToNativePackageTask"" skipped, due to false condition; ('$(BuildSharedAssemblies)' == 'true') was evaluated as ('false' == 'true')."
"Message",Low,"Task ""AddToNativePackageTask"" skipped, due to false condition; ('$(UseSharedAssemblies)' == 'true' and '$(MergeSharedAssemblies)' != 'true') was evaluated as ('false' == 'true' and 'true' != 'true')."
"Message",Low,"Task ""AddToNativePackageTask"" skipped, due to false condition; ('$(UseSharedAssemblies)' == 'true' and '$(MergeSharedAssemblies)' == 'true' and '$(UseFrameworkPackage)' != 'true') was evaluated as ('false' == 'true' and 'true' == 'true' and 'false' != 'true')."
"Message",Low,"Done building target ""CopyNativeExecutablesToOutput"" in project ""Unnamed_1""."
"Message",Low,"Target ""CopyExtractedResourcesToOutput"" skipped, due to false condition; (Exists('$(IntermediateResourcesPath)')) was evaluated as (Exists('C:\Users\lberg\OneDrive\SCU EUROPE 2015\RB2DEMOAPP\CS\obj\ARM\Release\ilc\intermediate\Resources\'))."
"Message",Low,"Target ""TransformAppxManifestAndAddCrt"" in file ""C:\Program Files (x86)\MSBuild\Microsoft\.NetNative\ARM\ilc\IlcInternals.targets"" from project ""C:\Users\lberg\OneDrive\SCU EUROPE 2015\RB2DEMOAPP\CS\Unnamed_1"" (target ""Build"" depends on it):"
"Message",Low,"Using ""TransformAppxManifestTask"" task from assembly ""C:\Program Files (x86)\MSBuild\Microsoft\.NetNative\ARM\ilc\ilc.exe""."
"Message",Low,"Task ""TransformAppxManifestTask"""
"Message",Low,"Done executing task ""TransformAppxManifestTask""."
"Message",Low,"Task ""AddToNativePackageTask"""
"Message",Low,"Done executing task ""AddToNativePackageTask""."
"Message",Low,"Task ""AddToNativePackageTask"" skipped, due to false condition; ($(AddCrt)) was evaluated as (false)."
"Message",Low,"Task ""AddToNativePackageTask"" skipped, due to false condition; ($(AddWin8Adapters)) was evaluated as (false)."
"Message",Low,"Task ""AddToNativePackageTask"" skipped, due to false condition; ($(AddWin8Adapters)) was evaluated as (false)."
"Message",Low,"Task ""AddToNativePackageTask"" skipped, due to false condition; ($(AddWin8Adapters)) was evaluated as (false)."
"Message",Low,"Task ""AddToNativePackageTask"" skipped, due to false condition; ($(AddWin8Adapters)) was evaluated as (false)."
"Message",Low,"Task ""AddToNativePackageTask"" skipped, due to false condition; ($(AddWin8Adapters)) was evaluated as (false)."
"Message",Low,"Task ""AddToNativePackageTask"" skipped, due to false condition; ($(AddWin8Adapters)) was evaluated as (false)."
"Message",Low,"Task ""AddToNativePackageTask"" skipped, due to false condition; ($(AddWin8Adapters)) was evaluated as (false)."
"Message",Low,"Done building target ""TransformAppxManifestAndAddCrt"" in project ""Unnamed_1""."
"Message",Low,"Target ""MergeFrameworkReswFilesWithTheAppPriFile"" skipped, due to false condition; ('@(AppResources)' != '' And '$(UseResKeysInsteadOfResStrings)' != 'true') was evaluated as ('C:\Users\lberg\OneDrive\SCU EUROPE 2015\RB2DEMOAPP\CS\obj\ARM\Release\ilc\in\resources.pri' != '' And 'true' != 'true')."
"Message",Low,"Target ""CopyPackageResourceFileInRetailBuild"" in file ""C:\Program Files (x86)\MSBuild\Microsoft\.NetNative\ARM\ilc\IlcInternals.targets"" from project ""C:\Users\lberg\OneDrive\SCU EUROPE 2015\RB2DEMOAPP\CS\Unnamed_1"" (target ""Build"" depends on it):"
"Message",Low,"Task ""AddToNativePackageTask"""
"Message",Low,"Done executing task ""AddToNativePackageTask""."
"Message",Low,"Done building target ""CopyPackageResourceFileInRetailBuild"" in project ""Unnamed_1""."
"Message",Low,"Target ""Build"" in file ""C:\Program Files (x86)\MSBuild\Microsoft\.NetNative\ARM\ilc\IlcInternals.targets"" from project ""C:\Users\lberg\OneDrive\SCU EUROPE 2015\RB2DEMOAPP\CS\Unnamed_1"" (entry point):"
"Message",Low,"Done building target ""Build"" in project ""Unnamed_1""."
"Message",Low,"Done building project ""Unnamed_1""."
"Message",Low,"Build succeeded."
